[
  {
    "name": "Demetri Dunbobbin",
    "email": "ddunbobbin0@theatlantic.com",
    "address": "2 Novick Circle",
    "country": "Ivory Coast"
  }, {
    "name": "Jeri Patrone",
    "email": "jpatrone1@posterous.com",
    "address": "54491 Clarendon Trail",
    "country": "Russia"
  }, {
    "name": "Brendon Aveyard",
    "email": "baveyard2@epa.gov",
    "address": "48 Wayridge Center",
    "country": "China"
  }, {
    "name": "Isabella Scholcroft",
    "email": "ischolcroft3@skyrock.com",
    "address": "20905 Tennyson Road",
    "country": "Peru"
  }, {
    "name": "Melodee O'Kinneally",
    "email": "mokinneally4@last.fm",
    "address": "8542 Jay Street",
    "country": "Namibia"
  }, {
    "name": "Carlene McChruiter",
    "email": "cmcchruiter5@qq.com",
    "address": "63 Shelley Plaza",
    "country": "Indonesia"
  }, {
    "name": "Morley Joselson",
    "email": "mjoselson6@sourceforge.net",
    "address": "74428 Pepper Wood Terrace",
    "country": "China"
  }, {
    "name": "Carissa Guidotti",
    "email": "cguidotti7@va.gov",
    "address": "24 Ryan Crossing",
    "country": "Japan"
  }, {
    "name": "Brock Matej",
    "email": "bmatej8@technorati.com",
    "address": "14 Parkside Lane",
    "country": "Poland"
  }, {
    "name": "Antonino Phelps",
    "email": "aphelps9@cargocollective.com",
    "address": "7270 Elgar Park",
    "country": "Japan"
  }, {
    "name": "Colly Gogan",
    "email": "cgogana@youtu.be",
    "address": "96947 Arapahoe Road",
    "country": "Poland"
  }, {
    "name": "Berty Scholes",
    "email": "bscholesb@webs.com",
    "address": "397 Hovde Alley",
    "country": "Russia"
  }, {
    "name": "Hartwell Withams",
    "email": "hwithamsc@boston.com",
    "address": "17 Crownhardt Crossing",
    "country": "Bangladesh"
  }, {
    "name": "Fabiano Topp",
    "email": "ftoppd@dedecms.com",
    "address": "9323 Anzinger Road",
    "country": "Poland"
  }, {
    "name": "Sascha Coverly",
    "email": "scoverlye@washingtonpost.com",
    "address": "644 Shasta Court",
    "country": "Nepal"
  }, {
    "name": "Wang Jupp",
    "email": "wjuppf@cargocollective.com",
    "address": "87294 Pennsylvania Road",
    "country": "Vietnam"
  }, {
    "name": "Cheryl McFfaden",
    "email": "cmcffadeng@networksolutions.com",
    "address": "6411 Sage Avenue",
    "country": "France"
  }, {
    "name": "Abbey Ingarfield",
    "email": "aingarfieldh@adobe.com",
    "address": "45305 Cottonwood Terrace",
    "country": "Croatia"
  }, {
    "name": "Nathalia Sawers",
    "email": "nsawersi@google.de",
    "address": "81 Lukken Point",
    "country": "France"
  }, {
    "name": "Meghan Windybank",
    "email": "mwindybankj@usnews.com",
    "address": "8276 Susan Alley",
    "country": "China"
  }
]
